aggregation,22.57271113872244,18.144735015404983,35.629274934086354,20.065985041461087,30.935385295443997,9.353865984515444,9.456732221746618,11.43817563502518,6.677597952244323,21.26704680392907,18.683502964392524,5.609077287573474,34.32224515512304,6.000694957337928,3431.922777562229,0,0.1,0.2,0.3,0.4,0.5,0.6,0.7,0.8,0.9,0.10,0.11,0.12,0.13,0.14,0.15,0.16,0.17,0.18,0.19,0.20,0.21,0.22,0.23,0.24,0.25,0.26,0.27,0.28,0.29,0.30,0.31,0.32,0.33,0.34,0.35,0.36,0.37,0.38,0.39,0.40,0.41,0.42,0.43,0.44,0.45,0.46,0.47,0.48,0.49,0.50,0.51,0.52,0.53,0.54,0.55,0.56,0.57,0.58,0.59,0.60,0.61,0.62,0.63,0.64,0.65,0.66,0.67,0.68,0.69,0.70,0.71,0.72,0.73,0.74,0.75,0.76,0.77,0.78,0.79,0.80,0.81,0.82,0.83,0.84,0.85,0.86,0.87,0.88,0.89,0.90,0.91,0.92,0.93,0.94,0.95,0.96,0.97,0.98,0.99,0.100,0.101,0.102,0.103,0.104,0.105
varied,-8.384297717342982,-6.59765692845616,-3.101987120630944,0.8029472529609349,2.0494784501630248,0.4846831001567931,2717.574274762548,0.0,0.0,0.0,0.0,0.0,0.0,0.0,0.0,0.0,0.0,0.0,0.0,0.0,0.0,0.0,0.0,0.0,0.0,0.0,0.0,0.0,0.0,0.0,0.0,0.0,0.0,0.0,0.0,0.0,0.0,0.0,0.0,0.0,0.0,0.0,0.0,0.0,0.0,0.0,0.0,0.0,0.0,0.0,0.0,0.0,0.0,0.0,0.0,0.0,0.0,0.0,0.0,0.0,0.0,0.0,0.0,0.0,0.0,0.0,0.0,0.0,0.0,0.0,0.0,0.0,0.0,0.0,0.0,0.0,0.0,0.0,0.0,0.0,0.0,0.0,0.0,0.0,0.0,0.0,0.0,0.0,0.0,0.0,0.0,0.0,0.0,0.0,0.0,0.0,0.0,0.0,0.0,0.0,0.0,0.0,0.0,0.0,0.0,0.0,0.0,0.0,0.0,0.0,0.0,0.0,0.0,0.0,0.0,0.0,0.0,0.0,0.0,0.0,0.0
seeds,18.91087432510169,15.479777956782966,0.90872014235427,5.353271334998316,3.2792332045647736,3.1257244461978897,6.288708838961867,12.555990381194103,13.358005373964982,0.834812182198952,5.064239312012294,2.8653412028443674,4.272116725391218,5.6236269859416375,10.947192144153949,13.912821538080824,0.8353320423222811,5.064239312012294,3.143287041526537,1.3583146779468953,5.427587866699497,465.4618501831176,0.0,0.0,0.0,0.0,0.0,0.0,0.0,0.0,0.0,0.0,0.0,0.0,0.0,0.0,0.0,0.0,0.0,0.0,0.0,0.0,0.0,0.0,0.0,0.0,0.0,0.0,0.0,0.0,0.0,0.0,0.0,0.0,0.0,0.0,0.0,0.0,0.0,0.0,0.0,0.0,0.0,0.0,0.0,0.0,0.0,0.0,0.0,0.0,0.0,0.0,0.0,0.0,0.0,0.0,0.0,0.0,0.0,0.0,0.0,0.0,0.0,0.0,0.0,0.0,0.0,0.0,0.0,0.0,0.0,0.0,0.0,0.0,0.0,0.0,0.0,0.0,0.0,0.0,0.0,0.0,0.0,0.0,0.0,0.0,0.0,0.0,0.0,0.0,0.0,0.0,0.0,0.0,0.0,0.0,0.0,0.0,0.0,0.0,0.0
jain,32.01771859821789,7.434839286398643,17.237390240934875,15.557219483091068,2582.8936008896853,0.0,0.0,0.0,0.0,0.0,0.0,0.0,0.0,0.0,0.0,0.0,0.0,0.0,0.0,0.0,0.0,0.0,0.0,0.0,0.0,0.0,0.0,0.0,0.0,0.0,0.0,0.0,0.0,0.0,0.0,0.0,0.0,0.0,0.0,0.0,0.0,0.0,0.0,0.0,0.0,0.0,0.0,0.0,0.0,0.0,0.0,0.0,0.0,0.0,0.0,0.0,0.0,0.0,0.0,0.0,0.0,0.0,0.0,0.0,0.0,0.0,0.0,0.0,0.0,0.0,0.0,0.0,0.0,0.0,0.0,0.0,0.0,0.0,0.0,0.0,0.0,0.0,0.0,0.0,0.0,0.0,0.0,0.0,0.0,0.0,0.0,0.0,0.0,0.0,0.0,0.0,0.0,0.0,0.0,0.0,0.0,0.0,0.0,0.0,0.0,0.0,0.0,0.0,0.0,0.0,0.0,0.0,0.0,0.0,0.0,0.0,0.0,0.0,0.0,0.0,0.0
heart,29.0,0.1509935221027482,4.0,151.1604046586911,301.71784741604256,0.8009075165257455,0.4119185450947386,151.46302363770815,0.2064866790992275,3.284351541684111,2.5261718766444106,2.061479527148603,7.0,60.85141884332274,0.177372851334295,2.3620289136943384,128.3847312288799,228.55732561383604,0.946091051836258,0.036130397053696,138.13835316135305,0.7591974390477603,5.99933135391984,2.242152510105205,2.2079836516481555,6.41773069823884,12310.019103468074,0.0,0.0,0.0,0.0,0.0,0.0,0.0,0.0,0.0,0.0,0.0,0.0,0.0,0.0,0.0,0.0,0.0,0.0,0.0,0.0,0.0,0.0,0.0,0.0,0.0,0.0,0.0,0.0,0.0,0.0,0.0,0.0,0.0,0.0,0.0,0.0,0.0,0.0,0.0,0.0,0.0,0.0,0.0,0.0,0.0,0.0,0.0,0.0,0.0,0.0,0.0,0.0,0.0,0.0,0.0,0.0,0.0,0.0,0.0,0.0,0.0,0.0,0.0,0.0,0.0,0.0,0.0,0.0,0.0,0.0,0.0,0.0,0.0,0.0,0.0,0.0,0.0,0.0,0.0,0.0,0.0,0.0,0.0,0.0,0.0,0.0,0.0,0.0,0.0,0.0,0.0,0.0,0.0,0.0
blobs,6.202139224163899,-1.1607204818662908,-4.814616415387159,-9.426715733805056,9.316623872069156,7.906115839705705,3194.3017054060383,0.0,0.0,0.0,0.0,0.0,0.0,0.0,0.0,0.0,0.0,0.0,0.0,0.0,0.0,0.0,0.0,0.0,0.0,0.0,0.0,0.0,0.0,0.0,0.0,0.0,0.0,0.0,0.0,0.0,0.0,0.0,0.0,0.0,0.0,0.0,0.0,0.0,0.0,0.0,0.0,0.0,0.0,0.0,0.0,0.0,0.0,0.0,0.0,0.0,0.0,0.0,0.0,0.0,0.0,0.0,0.0,0.0,0.0,0.0,0.0,0.0,0.0,0.0,0.0,0.0,0.0,0.0,0.0,0.0,0.0,0.0,0.0,0.0,0.0,0.0,0.0,0.0,0.0,0.0,0.0,0.0,0.0,0.0,0.0,0.0,0.0,0.0,0.0,0.0,0.0,0.0,0.0,0.0,0.0,0.0,0.0,0.0,0.0,0.0,0.0,0.0,0.0,0.0,0.0,0.0,0.0,0.0,0.0,0.0,0.0,0.0,0.0,0.0,0.0
mouse,0.7171805080646543,0.7442671455540157,0.5171310827393568,0.4532497652969545,0.2218268404569988,0.7031397967698497,55.92444274695725,0.0,0.0,0.0,0.0,0.0,0.0,0.0,0.0,0.0,0.0,0.0,0.0,0.0,0.0,0.0,0.0,0.0,0.0,0.0,0.0,0.0,0.0,0.0,0.0,0.0,0.0,0.0,0.0,0.0,0.0,0.0,0.0,0.0,0.0,0.0,0.0,0.0,0.0,0.0,0.0,0.0,0.0,0.0,0.0,0.0,0.0,0.0,0.0,0.0,0.0,0.0,0.0,0.0,0.0,0.0,0.0,0.0,0.0,0.0,0.0,0.0,0.0,0.0,0.0,0.0,0.0,0.0,0.0,0.0,0.0,0.0,0.0,0.0,0.0,0.0,0.0,0.0,0.0,0.0,0.0,0.0,0.0,0.0,0.0,0.0,0.0,0.0,0.0,0.0,0.0,0.0,0.0,0.0,0.0,0.0,0.0,0.0,0.0,0.0,0.0,0.0,0.0,0.0,0.0,0.0,0.0,0.0,0.0,0.0,0.0,0.0,0.0,0.0,0.0
appendicitis,0.3995863700090009,0.7379538653930743,0.2907380938770713,0.1026636649970609,0.106130840764161,0.7735496406839463,0.4082753932265601,0.1231502578572974,0.34435354839381,0.4235857435416939,0.5834507240279075,0.4467578048013659,0.1205635202011171,0.4540419258782833,50.37714115856028,0.0,0.0,0.0,0.0,0.0,0.0,0.0,0.0,0.0,0.0,0.0,0.0,0.0,0.0,0.0,0.0,0.0,0.0,0.0,0.0,0.0,0.0,0.0,0.0,0.0,0.0,0.0,0.0,0.0,0.0,0.0,0.0,0.0,0.0,0.0,0.0,0.0,0.0,0.0,0.0,0.0,0.0,0.0,0.0,0.0,0.0,0.0,0.0,0.0,0.0,0.0,0.0,0.0,0.0,0.0,0.0,0.0,0.0,0.0,0.0,0.0,0.0,0.0,0.0,0.0,0.0,0.0,0.0,0.0,0.0,0.0,0.0,0.0,0.0,0.0,0.0,0.0,0.0,0.0,0.0,0.0,0.0,0.0,0.0,0.0,0.0,0.0,0.0,0.0,0.0,0.0,0.0,0.0,0.0,0.0,0.0,0.0,0.0,0.0,0.0,0.0,0.0,0.0,0.0,0.0,0.0
ionosphere,0.5562930238503945,0.0,0.032981521931315,0.2503684811554412,0.3619393266737809,0.4234490962958934,0.5101156354417987,-0.1780048055762228,0.2110460450489883,0.2022043919359478,0.4449431071608911,0.5591714385431173,0.2452563757160998,0.1736264396071052,0.0087050737629934,0.5424122813430823,-0.0310367330696303,-0.2312687860932198,0.0143482564025001,0.0413066258944341,0.317246302004067,0.1638792559766929,-0.1224544761877145,0.5628814524532924,-0.4165590399037797,0.3406283368257104,-0.0149408826890129,0.2107297429605584,-0.0828210045539314,0.5470162112257222,-0.0944627950538407,0.0648516394772137,0.0801453565451836,-0.3354901232178703,0.4201757047206834,0.0,0.2570665457675558,-0.2576979613106642,0.5146739770093415,0.4587457829464906,0.4223660881559626,0.280048198182951,0.5317623017532986,0.4375656832256281,0.5579173843178671,0.5155841028150459,0.6209910017985563,0.3902064463703167,0.2387107461557963,-0.0025704160688682,0.5436784918385459,0.3424169752170227,0.5915633755040006,-0.4158086629161234,0.5596390036947283,0.5580915212658177,0.5691767763440722,-0.1696884881781095,0.2869201007923316,0.456407762114929,0.3889606413411756,0.1471296966285668,-0.2384765464651885,0.3122994421065382,0.495131366853665,0.3951614357013813,0.365656889062654,0.5263976074406592,1106.3682860571057,0.0,0.0,0.0,0.0,0.0,0.0,0.0,0.0,0.0,0.0,0.0,0.0,0.0,0.0,0.0,0.0,0.0,0.0,0.0,0.0,0.0,0.0,0.0,0.0,0.0,0.0,0.0,0.0,0.0,0.0,0.0,0.0,0.0,0.0,0.0,0.0,0.0,0.0,0.0,0.0,0.0,0.0,0.0,0.0,0.0,0.0,0.0,0.0,0.0,0.0,0.0,0.0
Blood,0.0,26.17143766667496,2258.482127188375,98.0,12.016764500660791,1.0,502.0693344865833,7.179586939805483,409940.78255185817,0.0,0.0,0.0,0.0,0.0,0.0,0.0,0.0,0.0,0.0,0.0,0.0,0.0,0.0,0.0,0.0,0.0,0.0,0.0,0.0,0.0,0.0,0.0,0.0,0.0,0.0,0.0,0.0,0.0,0.0,0.0,0.0,0.0,0.0,0.0,0.0,0.0,0.0,0.0,0.0,0.0,0.0,0.0,0.0,0.0,0.0,0.0,0.0,0.0,0.0,0.0,0.0,0.0,0.0,0.0,0.0,0.0,0.0,0.0,0.0,0.0,0.0,0.0,0.0,0.0,0.0,0.0,0.0,0.0,0.0,0.0,0.0,0.0,0.0,0.0,0.0,0.0,0.0,0.0,0.0,0.0,0.0,0.0,0.0,0.0,0.0,0.0,0.0,0.0,0.0,0.0,0.0,0.0,0.0,0.0,0.0,0.0,0.0,0.0,0.0,0.0,0.0,0.0,0.0,0.0,0.0,0.0,0.0,0.0,0.0,0.0,0.0
vary-density,0.6803009608073617,0.7026629127409133,0.1077530370361721,0.0398965351260247,0.2435092192050756,0.2676933911129281,17.117089130826972,0.0,0.0,0.0,0.0,0.0,0.0,0.0,0.0,0.0,0.0,0.0,0.0,0.0,0.0,0.0,0.0,0.0,0.0,0.0,0.0,0.0,0.0,0.0,0.0,0.0,0.0,0.0,0.0,0.0,0.0,0.0,0.0,0.0,0.0,0.0,0.0,0.0,0.0,0.0,0.0,0.0,0.0,0.0,0.0,0.0,0.0,0.0,0.0,0.0,0.0,0.0,0.0,0.0,0.0,0.0,0.0,0.0,0.0,0.0,0.0,0.0,0.0,0.0,0.0,0.0,0.0,0.0,0.0,0.0,0.0,0.0,0.0,0.0,0.0,0.0,0.0,0.0,0.0,0.0,0.0,0.0,0.0,0.0,0.0,0.0,0.0,0.0,0.0,0.0,0.0,0.0,0.0,0.0,0.0,0.0,0.0,0.0,0.0,0.0,0.0,0.0,0.0,0.0,0.0,0.0,0.0,0.0,0.0,0.0,0.0,0.0,0.0,0.0,0.0
vertebral2,83.18594688490334,-6.55,59.05055326326359,65.86867614782264,93.51626180591128,138.60059742432142,47.55386725933448,28.480875865834825,43.62236445330955,43.80715027649386,113.93612998818608,-0.7982724422758635,14118.178664613317,0.0,0.0,0.0,0.0,0.0,0.0,0.0,0.0,0.0,0.0,0.0,0.0,0.0,0.0,0.0,0.0,0.0,0.0,0.0,0.0,0.0,0.0,0.0,0.0,0.0,0.0,0.0,0.0,0.0,0.0,0.0,0.0,0.0,0.0,0.0,0.0,0.0,0.0,0.0,0.0,0.0,0.0,0.0,0.0,0.0,0.0,0.0,0.0,0.0,0.0,0.0,0.0,0.0,0.0,0.0,0.0,0.0,0.0,0.0,0.0,0.0,0.0,0.0,0.0,0.0,0.0,0.0,0.0,0.0,0.0,0.0,0.0,0.0,0.0,0.0,0.0,0.0,0.0,0.0,0.0,0.0,0.0,0.0,0.0,0.0,0.0,0.0,0.0,0.0,0.0,0.0,0.0,0.0,0.0,0.0,0.0,0.0,0.0,0.0,0.0,0.0,0.0,0.0,0.0,0.0,0.0,0.0,0.0
balance,3.380458655923696,3.683504390504225,3.090265613201276,3.58831319269789,1.0331511437479377,3.9241525190239854,2.3997783578580423,1.7908544129254538,2.933570538317993,1.5307324151982509,3.6443972008690952,3.189966493874795,1469.3678536393631,0.0,0.0,0.0,0.0,0.0,0.0,0.0,0.0,0.0,0.0,0.0,0.0,0.0,0.0,0.0,0.0,0.0,0.0,0.0,0.0,0.0,0.0,0.0,0.0,0.0,0.0,0.0,0.0,0.0,0.0,0.0,0.0,0.0,0.0,0.0,0.0,0.0,0.0,0.0,0.0,0.0,0.0,0.0,0.0,0.0,0.0,0.0,0.0,0.0,0.0,0.0,0.0,0.0,0.0,0.0,0.0,0.0,0.0,0.0,0.0,0.0,0.0,0.0,0.0,0.0,0.0,0.0,0.0,0.0,0.0,0.0,0.0,0.0,0.0,0.0,0.0,0.0,0.0,0.0,0.0,0.0,0.0,0.0,0.0,0.0,0.0,0.0,0.0,0.0,0.0,0.0,0.0,0.0,0.0,0.0,0.0,0.0,0.0,0.0,0.0,0.0,0.0,0.0,0.0,0.0,0.0,0.0,0.0
wdbc,21.086935767169543,35.4251509941497,119.52723316502023,926.9661801811214,0.1109934995748577,0.1801933678913913,0.1867776301836508,0.0911688872003142,0.106,0.0821354175437922,0.6021679096248388,2.031355098555526,16.823591394856397,181.1359450010794,0.0194556257510341,0.0388684943699795,0.2895222570266593,0.0085219575313807,0.0696838351146101,0.0264551561655556,25.531191643740907,15.638741670396213,228.46188458138352,1469.9133898723649,0.1983572280274446,0.5551814127720329,0.9778413781370666,0.2592599589588764,0.3881715800227175,0.091258712434249,19.04216257260692,35.894829839676994,173.10983562369458,492.4023801841026,0.1005301522140651,0.1612039021050861,0.1563802339601872,0.062732549252875,0.106,0.0779129658244359,2.626507034810064,3.1282488377256894,15.85456456424802,149.0664734240556,0.0187485886698534,0.039111941933927,0.0,0.0020623734986413,0.0299155746644376,0.0082254623527568,11.59317341115667,19.091594526894827,70.48002430974314,506.1307439549535,0.1787683330678726,0.9343875969496286,0.2127748752837876,0.2270163186245113,0.5305237667409459,0.05504,194653.7102347713,0.0,0.0,0.0,0.0,0.0,0.0,0.0,0.0,0.0,0.0,0.0,0.0,0.0,0.0,0.0,0.0,0.0,0.0,0.0,0.0,0.0,0.0,0.0,0.0,0.0,0.0,0.0,0.0,0.0,0.0,0.0,0.0,0.0,0.0,0.0,0.0,0.0,0.0,0.0,0.0,0.0,0.0,0.0,0.0,0.0,0.0,0.0,0.0,0.0,0.0,0.0,0.0,0.0,0.0,0.0,0.0,0.0,0.0,0.0,0.0
liver,83.39115709728806,81.96023602419169,80.5898980214271,37.30989135868946,127.89040019506544,3.347774140240969,87.96042705319256,73.54107271615335,29.58164907040695,19.788786021746947,21.16979451044944,4.597807944676843,10814.894709014456,0.0,0.0,0.0,0.0,0.0,0.0,0.0,0.0,0.0,0.0,0.0,0.0,0.0,0.0,0.0,0.0,0.0,0.0,0.0,0.0,0.0,0.0,0.0,0.0,0.0,0.0,0.0,0.0,0.0,0.0,0.0,0.0,0.0,0.0,0.0,0.0,0.0,0.0,0.0,0.0,0.0,0.0,0.0,0.0,0.0,0.0,0.0,0.0,0.0,0.0,0.0,0.0,0.0,0.0,0.0,0.0,0.0,0.0,0.0,0.0,0.0,0.0,0.0,0.0,0.0,0.0,0.0,0.0,0.0,0.0,0.0,0.0,0.0,0.0,0.0,0.0,0.0,0.0,0.0,0.0,0.0,0.0,0.0,0.0,0.0,0.0,0.0,0.0,0.0,0.0,0.0,0.0,0.0,0.0,0.0,0.0,0.0,0.0,0.0,0.0,0.0,0.0,0.0,0.0,0.0,0.0,0.0,0.0
banknote,-0.8840505229368423,-0.9527644306482648,2.4194147144650278,1.1608353426944211,1.7373765777640002,6.187306359848583,-0.3350855999708999,-1.402375501955189,7567.823951723803,0.0,0.0,0.0,0.0,0.0,0.0,0.0,0.0,0.0,0.0,0.0,0.0,0.0,0.0,0.0,0.0,0.0,0.0,0.0,0.0,0.0,0.0,0.0,0.0,0.0,0.0,0.0,0.0,0.0,0.0,0.0,0.0,0.0,0.0,0.0,0.0,0.0,0.0,0.0,0.0,0.0,0.0,0.0,0.0,0.0,0.0,0.0,0.0,0.0,0.0,0.0,0.0,0.0,0.0,0.0,0.0,0.0,0.0,0.0,0.0,0.0,0.0,0.0,0.0,0.0,0.0,0.0,0.0,0.0,0.0,0.0,0.0,0.0,0.0,0.0,0.0,0.0,0.0,0.0,0.0,0.0,0.0,0.0,0.0,0.0,0.0,0.0,0.0,0.0,0.0,0.0,0.0,0.0,0.0,0.0,0.0,0.0,0.0,0.0,0.0,0.0,0.0,0.0,0.0,0.0,0.0,0.0,0.0,0.0,0.0,0.0,0.0
aniso,1.1473572938996788,-0.7899199269071125,-2.303028230192093,-0.3718021664443537,-2.966523211472654,2.42352868187848,1536.9840091154313,0.0,0.0,0.0,0.0,0.0,0.0,0.0,0.0,0.0,0.0,0.0,0.0,0.0,0.0,0.0,0.0,0.0,0.0,0.0,0.0,0.0,0.0,0.0,0.0,0.0,0.0,0.0,0.0,0.0,0.0,0.0,0.0,0.0,0.0,0.0,0.0,0.0,0.0,0.0,0.0,0.0,0.0,0.0,0.0,0.0,0.0,0.0,0.0,0.0,0.0,0.0,0.0,0.0,0.0,0.0,0.0,0.0,0.0,0.0,0.0,0.0,0.0,0.0,0.0,0.0,0.0,0.0,0.0,0.0,0.0,0.0,0.0,0.0,0.0,0.0,0.0,0.0,0.0,0.0,0.0,0.0,0.0,0.0,0.0,0.0,0.0,0.0,0.0,0.0,0.0,0.0,0.0,0.0,0.0,0.0,0.0,0.0,0.0,0.0,0.0,0.0,0.0,0.0,0.0,0.0,0.0,0.0,0.0,0.0,0.0,0.0,0.0,0.0,0.0
flame,7.017921942781955,23.847301510657307,7.754642413772509,18.08810785104589,772.8868720949313,0.0,0.0,0.0,0.0,0.0,0.0,0.0,0.0,0.0,0.0,0.0,0.0,0.0,0.0,0.0,0.0,0.0,0.0,0.0,0.0,0.0,0.0,0.0,0.0,0.0,0.0,0.0,0.0,0.0,0.0,0.0,0.0,0.0,0.0,0.0,0.0,0.0,0.0,0.0,0.0,0.0,0.0,0.0,0.0,0.0,0.0,0.0,0.0,0.0,0.0,0.0,0.0,0.0,0.0,0.0,0.0,0.0,0.0,0.0,0.0,0.0,0.0,0.0,0.0,0.0,0.0,0.0,0.0,0.0,0.0,0.0,0.0,0.0,0.0,0.0,0.0,0.0,0.0,0.0,0.0,0.0,0.0,0.0,0.0,0.0,0.0,0.0,0.0,0.0,0.0,0.0,0.0,0.0,0.0,0.0,0.0,0.0,0.0,0.0,0.0,0.0,0.0,0.0,0.0,0.0,0.0,0.0,0.0,0.0,0.0,0.0,0.0,0.0,0.0,0.0,0.0
iris,4.737791624577071,3.5692197521462314,1.0,0.1,6.3333426370068295,2.5599164983219134,4.862916887755612,1.2917489141430638,7.9,3.0931821911501824,2.354502365768221,1.2785308639513155,154.51434154888236,0.0,0.0,0.0,0.0,0.0,0.0,0.0,0.0,0.0,0.0,0.0,0.0,0.0,0.0,0.0,0.0,0.0,0.0,0.0,0.0,0.0,0.0,0.0,0.0,0.0,0.0,0.0,0.0,0.0,0.0,0.0,0.0,0.0,0.0,0.0,0.0,0.0,0.0,0.0,0.0,0.0,0.0,0.0,0.0,0.0,0.0,0.0,0.0,0.0,0.0,0.0,0.0,0.0,0.0,0.0,0.0,0.0,0.0,0.0,0.0,0.0,0.0,0.0,0.0,0.0,0.0,0.0,0.0,0.0,0.0,0.0,0.0,0.0,0.0,0.0,0.0,0.0,0.0,0.0,0.0,0.0,0.0,0.0,0.0,0.0,0.0,0.0,0.0,0.0,0.0,0.0,0.0,0.0,0.0,0.0,0.0,0.0,0.0,0.0,0.0,0.0,0.0,0.0,0.0,0.0,0.0,0.0,0.0
smiley,291.7175066534406,425.2856020264713,267.45993058045764,130.2933830102626,579.9828801989448,135.29004101683992,572.8609607093547,421.6587505634044,45184.1611361647,0.0,0.0,0.0,0.0,0.0,0.0,0.0,0.0,0.0,0.0,0.0,0.0,0.0,0.0,0.0,0.0,0.0,0.0,0.0,0.0,0.0,0.0,0.0,0.0,0.0,0.0,0.0,0.0,0.0,0.0,0.0,0.0,0.0,0.0,0.0,0.0,0.0,0.0,0.0,0.0,0.0,0.0,0.0,0.0,0.0,0.0,0.0,0.0,0.0,0.0,0.0,0.0,0.0,0.0,0.0,0.0,0.0,0.0,0.0,0.0,0.0,0.0,0.0,0.0,0.0,0.0,0.0,0.0,0.0,0.0,0.0,0.0,0.0,0.0,0.0,0.0,0.0,0.0,0.0,0.0,0.0,0.0,0.0,0.0,0.0,0.0,0.0,0.0,0.0,0.0,0.0,0.0,0.0,0.0,0.0,0.0,0.0,0.0,0.0,0.0,0.0,0.0,0.0,0.0,0.0,0.0,0.0,0.0,0.0,0.0,0.0,0.0
circles,-0.4614832309798119,0.0827295346323302,0.5039495290350109,-0.1286597812787179,856.8033896451033,0.0,0.0,0.0,0.0,0.0,0.0,0.0,0.0,0.0,0.0,0.0,0.0,0.0,0.0,0.0,0.0,0.0,0.0,0.0,0.0,0.0,0.0,0.0,0.0,0.0,0.0,0.0,0.0,0.0,0.0,0.0,0.0,0.0,0.0,0.0,0.0,0.0,0.0,0.0,0.0,0.0,0.0,0.0,0.0,0.0,0.0,0.0,0.0,0.0,0.0,0.0,0.0,0.0,0.0,0.0,0.0,0.0,0.0,0.0,0.0,0.0,0.0,0.0,0.0,0.0,0.0,0.0,0.0,0.0,0.0,0.0,0.0,0.0,0.0,0.0,0.0,0.0,0.0,0.0,0.0,0.0,0.0,0.0,0.0,0.0,0.0,0.0,0.0,0.0,0.0,0.0,0.0,0.0,0.0,0.0,0.0,0.0,0.0,0.0,0.0,0.0,0.0,0.0,0.0,0.0,0.0,0.0,0.0,0.0,0.0,0.0,0.0,0.0,0.0,0.0,0.0
vertebral3,94.8696521614975,30.88035120179045,49.54148547172432,50.19272555039454,73.32380895040886,94.21551981818192,93.4276099554965,44.42881534246217,39.297117821713066,76.82576424677113,72.2846608636831,153.49342027833873,38.82934108389978,5.795184453522239,56.29755785487732,30.734713356040253,118.5555782604363,-6.851725029024486,14547.087408101866,0.0,0.0,0.0,0.0,0.0,0.0,0.0,0.0,0.0,0.0,0.0,0.0,0.0,0.0,0.0,0.0,0.0,0.0,0.0,0.0,0.0,0.0,0.0,0.0,0.0,0.0,0.0,0.0,0.0,0.0,0.0,0.0,0.0,0.0,0.0,0.0,0.0,0.0,0.0,0.0,0.0,0.0,0.0,0.0,0.0,0.0,0.0,0.0,0.0,0.0,0.0,0.0,0.0,0.0,0.0,0.0,0.0,0.0,0.0,0.0,0.0,0.0,0.0,0.0,0.0,0.0,0.0,0.0,0.0,0.0,0.0,0.0,0.0,0.0,0.0,0.0,0.0,0.0,0.0,0.0,0.0,0.0,0.0,0.0,0.0,0.0,0.0,0.0,0.0,0.0,0.0,0.0,0.0,0.0,0.0,0.0,0.0,0.0,0.0,0.0,0.0,0.0
iris2D,3.996819112694926,1.2277898456669891,5.608634914774896,1.9119031631341616,1.5113943686952716,0.6829989667001063,74.69747993302632,0.0,0.0,0.0,0.0,0.0,0.0,0.0,0.0,0.0,0.0,0.0,0.0,0.0,0.0,0.0,0.0,0.0,0.0,0.0,0.0,0.0,0.0,0.0,0.0,0.0,0.0,0.0,0.0,0.0,0.0,0.0,0.0,0.0,0.0,0.0,0.0,0.0,0.0,0.0,0.0,0.0,0.0,0.0,0.0,0.0,0.0,0.0,0.0,0.0,0.0,0.0,0.0,0.0,0.0,0.0,0.0,0.0,0.0,0.0,0.0,0.0,0.0,0.0,0.0,0.0,0.0,0.0,0.0,0.0,0.0,0.0,0.0,0.0,0.0,0.0,0.0,0.0,0.0,0.0,0.0,0.0,0.0,0.0,0.0,0.0,0.0,0.0,0.0,0.0,0.0,0.0,0.0,0.0,0.0,0.0,0.0,0.0,0.0,0.0,0.0,0.0,0.0,0.0,0.0,0.0,0.0,0.0,0.0,0.0,0.0,0.0,0.0,0.0,0.0
diagnosis_II,0.2315054820726944,0.3662417192470988,0.6602042165852784,0.0736478900524991,0.2242574267297706,0.3009963398665813,0.4796447757910969,0.235271839927875,0.5315600799797522,0.804524041084723,0.5379738207333697,0.7816073080070592,117.03846705376829,0.0,0.0,0.0,0.0,0.0,0.0,0.0,0.0,0.0,0.0,0.0,0.0,0.0,0.0,0.0,0.0,0.0,0.0,0.0,0.0,0.0,0.0,0.0,0.0,0.0,0.0,0.0,0.0,0.0,0.0,0.0,0.0,0.0,0.0,0.0,0.0,0.0,0.0,0.0,0.0,0.0,0.0,0.0,0.0,0.0,0.0,0.0,0.0,0.0,0.0,0.0,0.0,0.0,0.0,0.0,0.0,0.0,0.0,0.0,0.0,0.0,0.0,0.0,0.0,0.0,0.0,0.0,0.0,0.0,0.0,0.0,0.0,0.0,0.0,0.0,0.0,0.0,0.0,0.0,0.0,0.0,0.0,0.0,0.0,0.0,0.0,0.0,0.0,0.0,0.0,0.0,0.0,0.0,0.0,0.0,0.0,0.0,0.0,0.0,0.0,0.0,0.0,0.0,0.0,0.0,0.0,0.0,0.0
sonar,0.0213730306677545,0.1342823478552829,0.0133995151806356,0.2915308281951438,0.2362412659074882,0.2875020708687402,0.2137522035172046,0.0311412148338699,0.1541187029101265,0.3151699076594659,0.1689086020558592,0.326816857045889,0.2494947350269459,0.5337534855449197,0.3913022147009253,0.7293054879449355,0.562326211185336,0.0855687987038357,0.4211580498157203,0.4207917590753454,0.6671764070546764,0.2523249702552447,0.1517108289163779,0.3143915060821119,0.3180353455080155,0.6434746433101486,0.7646867632943615,0.4786745346866318,0.5003720581099848,0.1650107410394402,0.4100634339095304,0.5660628167552989,0.3331225893752082,0.2740678722741748,0.3749086887536317,0.4334138872416506,0.3783253886431594,0.3218293816621548,0.3710780366947541,0.5141208567962322,0.3481816172484933,0.1478446791358065,0.2793811258768534,0.2047030491750691,0.0549502339442509,0.05331500764479,0.2803096340251048,0.025235631669634,0.0359368520465903,0.0577040938745431,0.0713733652899148,0.0307782588185121,0.0241767834534875,0.0124393138242349,0.0155473289418121,0.0194930839475555,0.0205197475227909,0.0085746675221807,0.007877092392477,0.0165645513669711,0.0368852910201098,0.1639726787956782,0.2260200317588889,0.0526651341214909,0.2429677687683561,0.1586021978984484,0.0150472499260949,0.2306242972618321,0.3095060183197279,0.1330979355274387,0.1103666953002619,0.1836285956824369,0.5263615401326581,0.3637377509861941,0.0039139884467733,0.2124710483720395,0.4224175706958275,0.3011499462748582,0.5571880243993881,0.2980016501367071,0.676553173914405,0.6261809527976435,0.616240752528795,0.5323163239020965,0.3064691123526127,0.3943272750628442,0.5525181027029944,0.7876822503016796,0.743235089870657,0.354395266885216,0.5404639521268486,0.3800277307769338,0.5578776390235541,0.3329060513072987,0.1642672981659641,0.6185795377746284,0.3268244570210523,0.3528132866881749,0.0873065048148595,0.6693130075860882,0.2219248320681607,0.0581127451099593,0.3956206726370376,0.3214177795687677,0.1528231469946093,0.2234025982136168,0.1427597663238516,0.1763079681996248,0.1308622932862099,0.0059778316727396,0.026901286232481,0.0515132270603242,0.0220655793366875,0.0278920684995837,0.0164481904565544,0.004075145872223,0.0132530038865033,0.033997351397817,0.0054122958258197,0.022138997147124,347.6629009829376
moons,1.0758416882716582,-0.195442906117796,-0.4300743392213879,0.8641116402399649,928.7110506256902,0.0,0.0,0.0,0.0,0.0,0.0,0.0,0.0,0.0,0.0,0.0,0.0,0.0,0.0,0.0,0.0,0.0,0.0,0.0,0.0,0.0,0.0,0.0,0.0,0.0,0.0,0.0,0.0,0.0,0.0,0.0,0.0,0.0,0.0,0.0,0.0,0.0,0.0,0.0,0.0,0.0,0.0,0.0,0.0,0.0,0.0,0.0,0.0,0.0,0.0,0.0,0.0,0.0,0.0,0.0,0.0,0.0,0.0,0.0,0.0,0.0,0.0,0.0,0.0,0.0,0.0,0.0,0.0,0.0,0.0,0.0,0.0,0.0,0.0,0.0,0.0,0.0,0.0,0.0,0.0,0.0,0.0,0.0,0.0,0.0,0.0,0.0,0.0,0.0,0.0,0.0,0.0,0.0,0.0,0.0,0.0,0.0,0.0,0.0,0.0,0.0,0.0,0.0,0.0,0.0,0.0,0.0,0.0,0.0,0.0,0.0,0.0,0.0,0.0,0.0,0.0
pathbased,11.806954723888436,15.106644006036907,16.14354524393924,31.638794885260765,25.186872341630323,16.586039491742827,1459.5644736594052,0.0,0.0,0.0,0.0,0.0,0.0,0.0,0.0,0.0,0.0,0.0,0.0,0.0,0.0,0.0,0.0,0.0,0.0,0.0,0.0,0.0,0.0,0.0,0.0,0.0,0.0,0.0,0.0,0.0,0.0,0.0,0.0,0.0,0.0,0.0,0.0,0.0,0.0,0.0,0.0,0.0,0.0,0.0,0.0,0.0,0.0,0.0,0.0,0.0,0.0,0.0,0.0,0.0,0.0,0.0,0.0,0.0,0.0,0.0,0.0,0.0,0.0,0.0,0.0,0.0,0.0,0.0,0.0,0.0,0.0,0.0,0.0,0.0,0.0,0.0,0.0,0.0,0.0,0.0,0.0,0.0,0.0,0.0,0.0,0.0,0.0,0.0,0.0,0.0,0.0,0.0,0.0,0.0,0.0,0.0,0.0,0.0,0.0,0.0,0.0,0.0,0.0,0.0,0.0,0.0,0.0,0.0,0.0,0.0,0.0,0.0,0.0,0.0,0.0
wine,11.35568518138948,1.8383765702737664,3.23,26.16281901727881,80.05094783785418,3.88,1.148367596563237,0.1375736622380997,2.742214132182637,1.3178128874675723,1.2139722469054977,1.307514875409519,701.5920761212165,11.346105323328224,3.655300301848144,2.319715783997913,10.913208541923067,97.2707930524858,3.88,0.3501178375565634,0.66,0.4930888454820089,2.2495071633302937,0.4941790907733827,2.3810110769540187,1163.3614010662752,11.31097744207899,1.8133725796192004,1.413376777698272,11.270801813090596,90.61394409701042,1.1772520030232057,5.08,0.1338447043417824,0.422019024458757,3.1121399579681004,1.293626964446843,4.0,474.60556211582406,16725.915965063265,0.0,0.0,0.0,0.0,0.0,0.0,0.0,0.0,0.0,0.0,0.0,0.0,0.0,0.0,0.0,0.0,0.0,0.0,0.0,0.0,0.0,0.0,0.0,0.0,0.0,0.0,0.0,0.0,0.0,0.0,0.0,0.0,0.0,0.0,0.0,0.0,0.0,0.0,0.0,0.0,0.0,0.0,0.0,0.0,0.0,0.0,0.0,0.0,0.0,0.0,0.0,0.0,0.0,0.0,0.0,0.0,0.0,0.0,0.0,0.0,0.0,0.0,0.0,0.0,0.0,0.0,0.0,0.0,0.0,0.0,0.0,0.0,0.0,0.0,0.0,0.0,0.0,0.0,0.0,0.0,0.0
glass,1.53393,14.030157691082644,4.49,0.29,70.82667216423334,1.5403138246673374,12.853007499042825,0.8379919835978707,0.4202871399739789,1.53393,13.340822350934946,0.447366218083255,0.5415490452570965,75.41,3.0643219410409395,14.08968352590355,0.866998574605882,0.0,1.51115,15.096512092406453,4.127514038030194,2.0249019666964188,75.41,0.7211152178353455,12.709904211520602,3.15,0.2714909245110476,1.53393,14.822322932435396,0.7426936169503033,0.7929529873266424,71.54445712200778,1.5176952957175622,16.155663275752516,0.3073271284559751,0.5022583076894556,1.5293549756517804,16.659556957971887,4.49,2.520708997263103,71.53991582181801,6.21,16.19,2.4662755980412467,0.51,1.5217622809095177,13.69464528913008,4.486253667570588,1.5980479457420695,72.49621649828501,0.8706643402665152,8.734565024229484,0.810033979666648,0.1286601927586758,545.0937180650375,0.0,0.0,0.0,0.0,0.0,0.0,0.0,0.0,0.0,0.0,0.0,0.0,0.0,0.0,0.0,0.0,0.0,0.0,0.0,0.0,0.0,0.0,0.0,0.0,0.0,0.0,0.0,0.0,0.0,0.0,0.0,0.0,0.0,0.0,0.0,0.0,0.0,0.0,0.0,0.0,0.0,0.0,0.0,0.0,0.0,0.0,0.0,0.0,0.0,0.0,0.0,0.0,0.0,0.0,0.0,0.0,0.0,0.0,0.0,0.0,0.0,0.0,0.0,0.0,0.0,0.0
ecoli,0.0220905715308718,0.1606972588696572,0.4820917766089716,0.8168662028809451,0.0098828870262618,0.0301307360380607,0.5508936906887413,0.6994825027227783,0.573769665876683,0.6161229710124355,0.5043597548094103,0.3578558957921997,0.0435630270695341,0.3185980730981177,0.200532481342087,0.1658467076896357,0.6078431275146776,0.83208680423344,0.1741277092548098,0.1809180474307141,0.3897253256150093,0.6574713827308228,0.5544642232059068,0.8390520736380803,0.7595502413109143,0.5982705855145674,0.5121240412003272,0.6404670631932264,0.4556610738121702,0.57976906708269,0.4820917766089716,0.5026368007508969,0.4249876845994745,0.5263055705505427,0.5679773977462023,0.4083552269699446,0.2579818744814791,0.4820917766089716,0.5428973979626778,0.3737290205378225,0.3121769486397299,0.2815245936317201,0.3386623985542595,0.8379523420355386,0.7292245854422991,0.7134029816197208,0.0338861695194948,0.1977083009553757,0.3651244706083258,121.66657024920254,0.0,0.0,0.0,0.0,0.0,0.0,0.0,0.0,0.0,0.0,0.0,0.0,0.0,0.0,0.0,0.0,0.0,0.0,0.0,0.0,0.0,0.0,0.0,0.0,0.0,0.0,0.0,0.0,0.0,0.0,0.0,0.0,0.0,0.0,0.0,0.0,0.0,0.0,0.0,0.0,0.0,0.0,0.0,0.0,0.0,0.0,0.0,0.0,0.0,0.0,0.0,0.0,0.0,0.0,0.0,0.0,0.0,0.0,0.0,0.0,0.0,0.0,0.0,0.0,0.0,0.0,0.0,0.0,0.0,0.0,0.0
