aggregation,4.139653917916082,11.200004598488269,8.015530067504935,23.540400564255304,30.997224095988727,16.550666856752432,34.16076788114638,7.888429260427513,19.18485480160073,5.560325542641602,10.027919891918483,15.605568129026418,31.090360214662415,23.210665188053085,3396.253106694835,0,0.1,0.2,0.3,0.4,0.5,0.6,0.7,0.8,0.9,0.10,0.11,0.12,0.13,0.14,0.15,0.16,0.17,0.18,0.19,0.20,0.21,0.22,0.23,0.24,0.25,0.26,0.27,0.28,0.29,0.30,0.31,0.32,0.33,0.34,0.35,0.36,0.37,0.38,0.39,0.40,0.41,0.42,0.43,0.44,0.45,0.46,0.47,0.48,0.49,0.50,0.51,0.52,0.53,0.54,0.55,0.56,0.57,0.58,0.59,0.60,0.61,0.62,0.63,0.64,0.65,0.66,0.67,0.68,0.69,0.70,0.71,0.72,0.73,0.74,0.75,0.76,0.77,0.78,0.79,0.80,0.81,0.82,0.83,0.84,0.85,0.86,0.87,0.88,0.89,0.90,0.91,0.92,0.93,0.94,0.95,0.96,0.97,0.98,0.99,0.100,0.101,0.102,0.103,0.104,0.105
varied,-9.333522635646398,-5.446544802366677,-2.570126759984211,-1.63362938002358,1.0321863556109905,0.4018898817412187,2882.252741592296,0.0,0.0,0.0,0.0,0.0,0.0,0.0,0.0,0.0,0.0,0.0,0.0,0.0,0.0,0.0,0.0,0.0,0.0,0.0,0.0,0.0,0.0,0.0,0.0,0.0,0.0,0.0,0.0,0.0,0.0,0.0,0.0,0.0,0.0,0.0,0.0,0.0,0.0,0.0,0.0,0.0,0.0,0.0,0.0,0.0,0.0,0.0,0.0,0.0,0.0,0.0,0.0,0.0,0.0,0.0,0.0,0.0,0.0,0.0,0.0,0.0,0.0,0.0,0.0,0.0,0.0,0.0,0.0,0.0,0.0,0.0,0.0,0.0,0.0,0.0,0.0,0.0,0.0,0.0,0.0,0.0,0.0,0.0,0.0,0.0,0.0,0.0,0.0,0.0,0.0,0.0,0.0,0.0,0.0,0.0,0.0,0.0,0.0,0.0,0.0,0.0,0.0,0.0,0.0,0.0,0.0,0.0,0.0,0.0,0.0,0.0,0.0,0.0,0.0
seeds,13.702148383884303,13.263424954059303,0.8512535964941275,5.009039970545163,3.0294960977768826,3.4890435965685573,4.781192440819064,18.99985909880441,17.25,0.8256359818442958,5.116757160078691,3.826678263104947,5.969828609248388,4.731380711742632,19.426204572897703,16.15818362823186,0.8736610652795216,6.54606054540439,3.5500881682043564,3.526209363108241,6.55,475.5848837599353,0.0,0.0,0.0,0.0,0.0,0.0,0.0,0.0,0.0,0.0,0.0,0.0,0.0,0.0,0.0,0.0,0.0,0.0,0.0,0.0,0.0,0.0,0.0,0.0,0.0,0.0,0.0,0.0,0.0,0.0,0.0,0.0,0.0,0.0,0.0,0.0,0.0,0.0,0.0,0.0,0.0,0.0,0.0,0.0,0.0,0.0,0.0,0.0,0.0,0.0,0.0,0.0,0.0,0.0,0.0,0.0,0.0,0.0,0.0,0.0,0.0,0.0,0.0,0.0,0.0,0.0,0.0,0.0,0.0,0.0,0.0,0.0,0.0,0.0,0.0,0.0,0.0,0.0,0.0,0.0,0.0,0.0,0.0,0.0,0.0,0.0,0.0,0.0,0.0,0.0,0.0,0.0,0.0,0.0,0.0,0.0,0.0,0.0,0.0
jain,15.727537154149648,15.968838802673805,32.60733163497176,6.904940707767153,2603.0913299274907,0.0,0.0,0.0,0.0,0.0,0.0,0.0,0.0,0.0,0.0,0.0,0.0,0.0,0.0,0.0,0.0,0.0,0.0,0.0,0.0,0.0,0.0,0.0,0.0,0.0,0.0,0.0,0.0,0.0,0.0,0.0,0.0,0.0,0.0,0.0,0.0,0.0,0.0,0.0,0.0,0.0,0.0,0.0,0.0,0.0,0.0,0.0,0.0,0.0,0.0,0.0,0.0,0.0,0.0,0.0,0.0,0.0,0.0,0.0,0.0,0.0,0.0,0.0,0.0,0.0,0.0,0.0,0.0,0.0,0.0,0.0,0.0,0.0,0.0,0.0,0.0,0.0,0.0,0.0,0.0,0.0,0.0,0.0,0.0,0.0,0.0,0.0,0.0,0.0,0.0,0.0,0.0,0.0,0.0,0.0,0.0,0.0,0.0,0.0,0.0,0.0,0.0,0.0,0.0,0.0,0.0,0.0,0.0,0.0,0.0,0.0,0.0,0.0,0.0,0.0,0.0
heart,53.00751853905139,0.7960137134885028,2.2806655625672123,135.3538552799873,248.41289655518543,0.2224821865447219,0.6153069304528459,143.52451319863553,0.622538312585131,2.8605076465293253,2.371984638627001,0.5215107606458919,6.502705720569171,58.30630206152919,0.3297322744358619,3.5287271196795813,125.51767441275808,377.5286014124894,0.4118825814041033,0.8200900616886042,147.33615828267614,0.0,2.649821629164252,1.606637303728143,1.955189749919042,3.0,13000.41680259923,0.0,0.0,0.0,0.0,0.0,0.0,0.0,0.0,0.0,0.0,0.0,0.0,0.0,0.0,0.0,0.0,0.0,0.0,0.0,0.0,0.0,0.0,0.0,0.0,0.0,0.0,0.0,0.0,0.0,0.0,0.0,0.0,0.0,0.0,0.0,0.0,0.0,0.0,0.0,0.0,0.0,0.0,0.0,0.0,0.0,0.0,0.0,0.0,0.0,0.0,0.0,0.0,0.0,0.0,0.0,0.0,0.0,0.0,0.0,0.0,0.0,0.0,0.0,0.0,0.0,0.0,0.0,0.0,0.0,0.0,0.0,0.0,0.0,0.0,0.0,0.0,0.0,0.0,0.0,0.0,0.0,0.0,0.0,0.0,0.0,0.0,0.0,0.0,0.0,0.0,0.0,0.0,0.0,0.0
blobs,7.267506263578984,0.1284974922573505,-4.93329792193013,-11.414585416571292,10.008752066618246,11.395014816902428,3327.2457617802684,0.0,0.0,0.0,0.0,0.0,0.0,0.0,0.0,0.0,0.0,0.0,0.0,0.0,0.0,0.0,0.0,0.0,0.0,0.0,0.0,0.0,0.0,0.0,0.0,0.0,0.0,0.0,0.0,0.0,0.0,0.0,0.0,0.0,0.0,0.0,0.0,0.0,0.0,0.0,0.0,0.0,0.0,0.0,0.0,0.0,0.0,0.0,0.0,0.0,0.0,0.0,0.0,0.0,0.0,0.0,0.0,0.0,0.0,0.0,0.0,0.0,0.0,0.0,0.0,0.0,0.0,0.0,0.0,0.0,0.0,0.0,0.0,0.0,0.0,0.0,0.0,0.0,0.0,0.0,0.0,0.0,0.0,0.0,0.0,0.0,0.0,0.0,0.0,0.0,0.0,0.0,0.0,0.0,0.0,0.0,0.0,0.0,0.0,0.0,0.0,0.0,0.0,0.0,0.0,0.0,0.0,0.0,0.0,0.0,0.0,0.0,0.0,0.0,0.0
mouse,0.31093738662448,0.7264190904046579,0.4969444192084424,0.4101770165550086,0.7511855489612067,0.7117535799333506,55.78097424697803,0.0,0.0,0.0,0.0,0.0,0.0,0.0,0.0,0.0,0.0,0.0,0.0,0.0,0.0,0.0,0.0,0.0,0.0,0.0,0.0,0.0,0.0,0.0,0.0,0.0,0.0,0.0,0.0,0.0,0.0,0.0,0.0,0.0,0.0,0.0,0.0,0.0,0.0,0.0,0.0,0.0,0.0,0.0,0.0,0.0,0.0,0.0,0.0,0.0,0.0,0.0,0.0,0.0,0.0,0.0,0.0,0.0,0.0,0.0,0.0,0.0,0.0,0.0,0.0,0.0,0.0,0.0,0.0,0.0,0.0,0.0,0.0,0.0,0.0,0.0,0.0,0.0,0.0,0.0,0.0,0.0,0.0,0.0,0.0,0.0,0.0,0.0,0.0,0.0,0.0,0.0,0.0,0.0,0.0,0.0,0.0,0.0,0.0,0.0,0.0,0.0,0.0,0.0,0.0,0.0,0.0,0.0,0.0,0.0,0.0,0.0,0.0,0.0,0.0
appendicitis,0.2833983442644956,0.7173713084740939,0.2327068200430463,0.1451896808509725,0.2445573617628654,0.6268598144076832,0.3309930460467739,0.3788151153166667,0.120093824080152,0.381206343565215,0.3981083738361511,0.5065174485716587,0.1122675547955579,0.4178233408010397,55.984404676483344,0.0,0.0,0.0,0.0,0.0,0.0,0.0,0.0,0.0,0.0,0.0,0.0,0.0,0.0,0.0,0.0,0.0,0.0,0.0,0.0,0.0,0.0,0.0,0.0,0.0,0.0,0.0,0.0,0.0,0.0,0.0,0.0,0.0,0.0,0.0,0.0,0.0,0.0,0.0,0.0,0.0,0.0,0.0,0.0,0.0,0.0,0.0,0.0,0.0,0.0,0.0,0.0,0.0,0.0,0.0,0.0,0.0,0.0,0.0,0.0,0.0,0.0,0.0,0.0,0.0,0.0,0.0,0.0,0.0,0.0,0.0,0.0,0.0,0.0,0.0,0.0,0.0,0.0,0.0,0.0,0.0,0.0,0.0,0.0,0.0,0.0,0.0,0.0,0.0,0.0,0.0,0.0,0.0,0.0,0.0,0.0,0.0,0.0,0.0,0.0,0.0,0.0,0.0,0.0,0.0,0.0
ionosphere,0.0,0.0,0.0030443406319438,0.1414273641035146,0.7678245791069424,0.117344067639933,0.0101268825772585,0.2521418148369534,0.1391628272386355,0.4426249702399822,0.0073934373753911,0.1124107942826408,0.4940226946725521,0.0094931467827592,0.5816269777668978,0.3500209256130659,0.5986746263503033,0.0072719861632188,0.0017884342115431,0.1798770340426258,0.1998798907086942,0.0320955357512662,0.1169947897719757,0.1653346885037718,1.0,0.0127391482856681,0.6104035979330236,0.0458847925654089,0.000102008454564,0.0004606598984512,0.0011942544785535,0.0013307498083372,0.2164971786604176,0.0014173960297301,0.0,0.0,0.5787877718768814,0.2452497133535785,0.0640894097371765,0.0811950922514931,0.00274175433128,0.3095864295431914,0.0612872602857493,0.0454452847310853,0.0396440666015146,0.2035524328943439,-0.0057125529103772,0.4733950589064757,0.0631461730529831,0.0606357829611859,0.267048321395454,0.024652896701545,0.007856572614872,0.0089167918579703,0.0231310188700767,0.4994852897539015,0.0218436015523067,0.2215744853485705,0.0620562797470076,0.0172674431437781,0.1451467771549778,0.0017751277214912,0.2842982765667877,-0.4045475402138754,0.3298749765459264,0.1690926806500951,0.6167505639835358,0.2964100395344234,1145.4215069134073,0.0,0.0,0.0,0.0,0.0,0.0,0.0,0.0,0.0,0.0,0.0,0.0,0.0,0.0,0.0,0.0,0.0,0.0,0.0,0.0,0.0,0.0,0.0,0.0,0.0,0.0,0.0,0.0,0.0,0.0,0.0,0.0,0.0,0.0,0.0,0.0,0.0,0.0,0.0,0.0,0.0,0.0,0.0,0.0,0.0,0.0,0.0,0.0,0.0,0.0,0.0,0.0
Blood,10.726216369745195,1.1581597870045577,540.7417624846894,4.28891686025915,54.061517205588345,1.0,2132.0517343657784,91.49663854066915,412497.1480709964,0.0,0.0,0.0,0.0,0.0,0.0,0.0,0.0,0.0,0.0,0.0,0.0,0.0,0.0,0.0,0.0,0.0,0.0,0.0,0.0,0.0,0.0,0.0,0.0,0.0,0.0,0.0,0.0,0.0,0.0,0.0,0.0,0.0,0.0,0.0,0.0,0.0,0.0,0.0,0.0,0.0,0.0,0.0,0.0,0.0,0.0,0.0,0.0,0.0,0.0,0.0,0.0,0.0,0.0,0.0,0.0,0.0,0.0,0.0,0.0,0.0,0.0,0.0,0.0,0.0,0.0,0.0,0.0,0.0,0.0,0.0,0.0,0.0,0.0,0.0,0.0,0.0,0.0,0.0,0.0,0.0,0.0,0.0,0.0,0.0,0.0,0.0,0.0,0.0,0.0,0.0,0.0,0.0,0.0,0.0,0.0,0.0,0.0,0.0,0.0,0.0,0.0,0.0,0.0,0.0,0.0,0.0,0.0,0.0,0.0,0.0,0.0
vary-density,0.695772606368508,0.679997522654789,0.2291419775559838,0.2950996349993414,0.1858578711979462,0.0826687180786285,18.553276069915867,0.0,0.0,0.0,0.0,0.0,0.0,0.0,0.0,0.0,0.0,0.0,0.0,0.0,0.0,0.0,0.0,0.0,0.0,0.0,0.0,0.0,0.0,0.0,0.0,0.0,0.0,0.0,0.0,0.0,0.0,0.0,0.0,0.0,0.0,0.0,0.0,0.0,0.0,0.0,0.0,0.0,0.0,0.0,0.0,0.0,0.0,0.0,0.0,0.0,0.0,0.0,0.0,0.0,0.0,0.0,0.0,0.0,0.0,0.0,0.0,0.0,0.0,0.0,0.0,0.0,0.0,0.0,0.0,0.0,0.0,0.0,0.0,0.0,0.0,0.0,0.0,0.0,0.0,0.0,0.0,0.0,0.0,0.0,0.0,0.0,0.0,0.0,0.0,0.0,0.0,0.0,0.0,0.0,0.0,0.0,0.0,0.0,0.0,0.0,0.0,0.0,0.0,0.0,0.0,0.0,0.0,0.0,0.0,0.0,0.0,0.0,0.0,0.0,0.0
vertebral2,49.20394557213237,16.561053185513263,51.56145501751538,19.882016146402385,121.64951537175958,-1.3341939563641922,30.373862212629295,16.443999974662162,107.89448174742368,90.84338763286767,152.4121646315246,264.09422780386626,15662.186015623733,0.0,0.0,0.0,0.0,0.0,0.0,0.0,0.0,0.0,0.0,0.0,0.0,0.0,0.0,0.0,0.0,0.0,0.0,0.0,0.0,0.0,0.0,0.0,0.0,0.0,0.0,0.0,0.0,0.0,0.0,0.0,0.0,0.0,0.0,0.0,0.0,0.0,0.0,0.0,0.0,0.0,0.0,0.0,0.0,0.0,0.0,0.0,0.0,0.0,0.0,0.0,0.0,0.0,0.0,0.0,0.0,0.0,0.0,0.0,0.0,0.0,0.0,0.0,0.0,0.0,0.0,0.0,0.0,0.0,0.0,0.0,0.0,0.0,0.0,0.0,0.0,0.0,0.0,0.0,0.0,0.0,0.0,0.0,0.0,0.0,0.0,0.0,0.0,0.0,0.0,0.0,0.0,0.0,0.0,0.0,0.0,0.0,0.0,0.0,0.0,0.0,0.0,0.0,0.0,0.0,0.0,0.0,0.0
balance,3.5597250234071938,2.150991673319316,4.0806403294160045,3.1134831193826065,1.8527429796720525,3.142639018806148,2.0909727856894245,3.715235540326413,3.892245859777109,2.2305357012347016,2.465410922411659,1.597851125971265,1472.9401965544942,0.0,0.0,0.0,0.0,0.0,0.0,0.0,0.0,0.0,0.0,0.0,0.0,0.0,0.0,0.0,0.0,0.0,0.0,0.0,0.0,0.0,0.0,0.0,0.0,0.0,0.0,0.0,0.0,0.0,0.0,0.0,0.0,0.0,0.0,0.0,0.0,0.0,0.0,0.0,0.0,0.0,0.0,0.0,0.0,0.0,0.0,0.0,0.0,0.0,0.0,0.0,0.0,0.0,0.0,0.0,0.0,0.0,0.0,0.0,0.0,0.0,0.0,0.0,0.0,0.0,0.0,0.0,0.0,0.0,0.0,0.0,0.0,0.0,0.0,0.0,0.0,0.0,0.0,0.0,0.0,0.0,0.0,0.0,0.0,0.0,0.0,0.0,0.0,0.0,0.0,0.0,0.0,0.0,0.0,0.0,0.0,0.0,0.0,0.0,0.0,0.0,0.0,0.0,0.0,0.0,0.0,0.0,0.0
wdbc,10.973065882754904,14.699919907242167,54.80267974748077,752.954725986672,0.0952999371766326,0.3454,0.0,0.0036788261245493,0.1326577769635296,0.0625243635575277,0.2491057361732725,4.103526625403469,10.063713307047736,52.75956997161677,0.0305519543788714,0.002818352016244,0.0764634834957074,0.0058541326186024,0.07895,0.001119831875726,9.92430350302632,15.04289131227949,119.26850727609964,936.0539130960072,0.1494380999259656,0.7643361651072107,9.77887955604383e-07,0.0,0.1961486572903971,0.1129200453666211,9.124937574310682,12.854102110252272,54.826926226755845,179.58859428553302,0.0659412308317742,0.0243544557919956,0.1161010552734763,0.0,0.133806885217315,0.0625243635575277,1.1075444084586312,0.4507861439836167,21.98,8.512624517980456,0.0252254288475845,0.0052681036239211,0.0026268040443496,0.0302154686924998,0.0261714277475592,0.0115146763083057,17.068876868689387,15.04289131227949,63.2410463503984,234.4371169057138,0.2226,0.0345187216155046,0.0,0.0,0.195879556136276,0.0688819249440818,244431.06370785297,0.0,0.0,0.0,0.0,0.0,0.0,0.0,0.0,0.0,0.0,0.0,0.0,0.0,0.0,0.0,0.0,0.0,0.0,0.0,0.0,0.0,0.0,0.0,0.0,0.0,0.0,0.0,0.0,0.0,0.0,0.0,0.0,0.0,0.0,0.0,0.0,0.0,0.0,0.0,0.0,0.0,0.0,0.0,0.0,0.0,0.0,0.0,0.0,0.0,0.0,0.0,0.0,0.0,0.0,0.0,0.0,0.0,0.0,0.0,0.0
liver,88.53587739377416,54.13600236125144,26.01592174380697,28.50048747146445,6.397149072792047,2.4910261525414152,86.65029866089539,106.79278849901324,31.63761733712644,20.340519385617267,91.35218473186308,8.072536646480327,12991.944448138796,0.0,0.0,0.0,0.0,0.0,0.0,0.0,0.0,0.0,0.0,0.0,0.0,0.0,0.0,0.0,0.0,0.0,0.0,0.0,0.0,0.0,0.0,0.0,0.0,0.0,0.0,0.0,0.0,0.0,0.0,0.0,0.0,0.0,0.0,0.0,0.0,0.0,0.0,0.0,0.0,0.0,0.0,0.0,0.0,0.0,0.0,0.0,0.0,0.0,0.0,0.0,0.0,0.0,0.0,0.0,0.0,0.0,0.0,0.0,0.0,0.0,0.0,0.0,0.0,0.0,0.0,0.0,0.0,0.0,0.0,0.0,0.0,0.0,0.0,0.0,0.0,0.0,0.0,0.0,0.0,0.0,0.0,0.0,0.0,0.0,0.0,0.0,0.0,0.0,0.0,0.0,0.0,0.0,0.0,0.0,0.0,0.0,0.0,0.0,0.0,0.0,0.0,0.0,0.0,0.0,0.0,0.0,0.0
banknote,1.3140275728245765,5.23986731628913,1.137301175263989,-1.0942339329782045,1.3008518982762722,-3.228377572601702,2.8342546305719054,0.3791325701506974,7766.65558005794,0.0,0.0,0.0,0.0,0.0,0.0,0.0,0.0,0.0,0.0,0.0,0.0,0.0,0.0,0.0,0.0,0.0,0.0,0.0,0.0,0.0,0.0,0.0,0.0,0.0,0.0,0.0,0.0,0.0,0.0,0.0,0.0,0.0,0.0,0.0,0.0,0.0,0.0,0.0,0.0,0.0,0.0,0.0,0.0,0.0,0.0,0.0,0.0,0.0,0.0,0.0,0.0,0.0,0.0,0.0,0.0,0.0,0.0,0.0,0.0,0.0,0.0,0.0,0.0,0.0,0.0,0.0,0.0,0.0,0.0,0.0,0.0,0.0,0.0,0.0,0.0,0.0,0.0,0.0,0.0,0.0,0.0,0.0,0.0,0.0,0.0,0.0,0.0,0.0,0.0,0.0,0.0,0.0,0.0,0.0,0.0,0.0,0.0,0.0,0.0,0.0,0.0,0.0,0.0,0.0,0.0,0.0,0.0,0.0,0.0,0.0,0.0
aniso,1.7439701997608512,-2.267857297618726,-2.876580877207809,2.190879461571069,0.4284997932142275,-0.3764718897028537,1710.9264034675348,0.0,0.0,0.0,0.0,0.0,0.0,0.0,0.0,0.0,0.0,0.0,0.0,0.0,0.0,0.0,0.0,0.0,0.0,0.0,0.0,0.0,0.0,0.0,0.0,0.0,0.0,0.0,0.0,0.0,0.0,0.0,0.0,0.0,0.0,0.0,0.0,0.0,0.0,0.0,0.0,0.0,0.0,0.0,0.0,0.0,0.0,0.0,0.0,0.0,0.0,0.0,0.0,0.0,0.0,0.0,0.0,0.0,0.0,0.0,0.0,0.0,0.0,0.0,0.0,0.0,0.0,0.0,0.0,0.0,0.0,0.0,0.0,0.0,0.0,0.0,0.0,0.0,0.0,0.0,0.0,0.0,0.0,0.0,0.0,0.0,0.0,0.0,0.0,0.0,0.0,0.0,0.0,0.0,0.0,0.0,0.0,0.0,0.0,0.0,0.0,0.0,0.0,0.0,0.0,0.0,0.0,0.0,0.0,0.0,0.0,0.0,0.0,0.0,0.0
flame,8.692753600064856,17.9793192476355,6.383212841098963,23.52035489383847,779.4029668363308,0.0,0.0,0.0,0.0,0.0,0.0,0.0,0.0,0.0,0.0,0.0,0.0,0.0,0.0,0.0,0.0,0.0,0.0,0.0,0.0,0.0,0.0,0.0,0.0,0.0,0.0,0.0,0.0,0.0,0.0,0.0,0.0,0.0,0.0,0.0,0.0,0.0,0.0,0.0,0.0,0.0,0.0,0.0,0.0,0.0,0.0,0.0,0.0,0.0,0.0,0.0,0.0,0.0,0.0,0.0,0.0,0.0,0.0,0.0,0.0,0.0,0.0,0.0,0.0,0.0,0.0,0.0,0.0,0.0,0.0,0.0,0.0,0.0,0.0,0.0,0.0,0.0,0.0,0.0,0.0,0.0,0.0,0.0,0.0,0.0,0.0,0.0,0.0,0.0,0.0,0.0,0.0,0.0,0.0,0.0,0.0,0.0,0.0,0.0,0.0,0.0,0.0,0.0,0.0,0.0,0.0,0.0,0.0,0.0,0.0,0.0,0.0,0.0,0.0,0.0,0.0
iris,4.649395097389681,2.939339626080549,4.292850534526972,0.4362459083123885,6.550097197487501,3.132965970763839,5.434662793074831,1.11162211302428,4.595191151145203,3.306308827678589,1.6670814504493423,0.7647284225846852,166.25994931656973,0.0,0.0,0.0,0.0,0.0,0.0,0.0,0.0,0.0,0.0,0.0,0.0,0.0,0.0,0.0,0.0,0.0,0.0,0.0,0.0,0.0,0.0,0.0,0.0,0.0,0.0,0.0,0.0,0.0,0.0,0.0,0.0,0.0,0.0,0.0,0.0,0.0,0.0,0.0,0.0,0.0,0.0,0.0,0.0,0.0,0.0,0.0,0.0,0.0,0.0,0.0,0.0,0.0,0.0,0.0,0.0,0.0,0.0,0.0,0.0,0.0,0.0,0.0,0.0,0.0,0.0,0.0,0.0,0.0,0.0,0.0,0.0,0.0,0.0,0.0,0.0,0.0,0.0,0.0,0.0,0.0,0.0,0.0,0.0,0.0,0.0,0.0,0.0,0.0,0.0,0.0,0.0,0.0,0.0,0.0,0.0,0.0,0.0,0.0,0.0,0.0,0.0,0.0,0.0,0.0,0.0,0.0,0.0
smiley,248.3489077728328,175.9282574618002,476.81762779679246,180.82307216179123,319.5179423283548,453.6041840645565,660.3947109396778,356.2506233865689,47749.52075846969,0.0,0.0,0.0,0.0,0.0,0.0,0.0,0.0,0.0,0.0,0.0,0.0,0.0,0.0,0.0,0.0,0.0,0.0,0.0,0.0,0.0,0.0,0.0,0.0,0.0,0.0,0.0,0.0,0.0,0.0,0.0,0.0,0.0,0.0,0.0,0.0,0.0,0.0,0.0,0.0,0.0,0.0,0.0,0.0,0.0,0.0,0.0,0.0,0.0,0.0,0.0,0.0,0.0,0.0,0.0,0.0,0.0,0.0,0.0,0.0,0.0,0.0,0.0,0.0,0.0,0.0,0.0,0.0,0.0,0.0,0.0,0.0,0.0,0.0,0.0,0.0,0.0,0.0,0.0,0.0,0.0,0.0,0.0,0.0,0.0,0.0,0.0,0.0,0.0,0.0,0.0,0.0,0.0,0.0,0.0,0.0,0.0,0.0,0.0,0.0,0.0,0.0,0.0,0.0,0.0,0.0,0.0,0.0,0.0,0.0,0.0,0.0
circles,-0.4906448541836635,-0.1115917035094906,0.4740338086716767,0.1065563589247355,856.7129719460405,0.0,0.0,0.0,0.0,0.0,0.0,0.0,0.0,0.0,0.0,0.0,0.0,0.0,0.0,0.0,0.0,0.0,0.0,0.0,0.0,0.0,0.0,0.0,0.0,0.0,0.0,0.0,0.0,0.0,0.0,0.0,0.0,0.0,0.0,0.0,0.0,0.0,0.0,0.0,0.0,0.0,0.0,0.0,0.0,0.0,0.0,0.0,0.0,0.0,0.0,0.0,0.0,0.0,0.0,0.0,0.0,0.0,0.0,0.0,0.0,0.0,0.0,0.0,0.0,0.0,0.0,0.0,0.0,0.0,0.0,0.0,0.0,0.0,0.0,0.0,0.0,0.0,0.0,0.0,0.0,0.0,0.0,0.0,0.0,0.0,0.0,0.0,0.0,0.0,0.0,0.0,0.0,0.0,0.0,0.0,0.0,0.0,0.0,0.0,0.0,0.0,0.0,0.0,0.0,0.0,0.0,0.0,0.0,0.0,0.0,0.0,0.0,0.0,0.0,0.0,0.0
vertebral3,41.585142493578765,39.86767164340164,24.153542221119626,21.42961379118191,124.60155586638696,11.50554390249134,106.69552720135408,-1.1966038179906635,21.93003016386728,39.801549960812594,129.86693852451685,337.6709824808456,66.29084295888673,3.288075293114144,33.63721152618849,54.08185510362592,130.64887492246405,65.75286892840289,15080.38148996547,0.0,0.0,0.0,0.0,0.0,0.0,0.0,0.0,0.0,0.0,0.0,0.0,0.0,0.0,0.0,0.0,0.0,0.0,0.0,0.0,0.0,0.0,0.0,0.0,0.0,0.0,0.0,0.0,0.0,0.0,0.0,0.0,0.0,0.0,0.0,0.0,0.0,0.0,0.0,0.0,0.0,0.0,0.0,0.0,0.0,0.0,0.0,0.0,0.0,0.0,0.0,0.0,0.0,0.0,0.0,0.0,0.0,0.0,0.0,0.0,0.0,0.0,0.0,0.0,0.0,0.0,0.0,0.0,0.0,0.0,0.0,0.0,0.0,0.0,0.0,0.0,0.0,0.0,0.0,0.0,0.0,0.0,0.0,0.0,0.0,0.0,0.0,0.0,0.0,0.0,0.0,0.0,0.0,0.0,0.0,0.0,0.0,0.0,0.0,0.0,0.0,0.0
iris2D,1.6030450189825398,2.1613078645891157,4.931856664389189,1.817632825980968,1.3887029934062232,0.1099882472892264,90.82494633309904,0.0,0.0,0.0,0.0,0.0,0.0,0.0,0.0,0.0,0.0,0.0,0.0,0.0,0.0,0.0,0.0,0.0,0.0,0.0,0.0,0.0,0.0,0.0,0.0,0.0,0.0,0.0,0.0,0.0,0.0,0.0,0.0,0.0,0.0,0.0,0.0,0.0,0.0,0.0,0.0,0.0,0.0,0.0,0.0,0.0,0.0,0.0,0.0,0.0,0.0,0.0,0.0,0.0,0.0,0.0,0.0,0.0,0.0,0.0,0.0,0.0,0.0,0.0,0.0,0.0,0.0,0.0,0.0,0.0,0.0,0.0,0.0,0.0,0.0,0.0,0.0,0.0,0.0,0.0,0.0,0.0,0.0,0.0,0.0,0.0,0.0,0.0,0.0,0.0,0.0,0.0,0.0,0.0,0.0,0.0,0.0,0.0,0.0,0.0,0.0,0.0,0.0,0.0,0.0,0.0,0.0,0.0,0.0,0.0,0.0,0.0,0.0,0.0,0.0
diagnosis_II,0.0151813083387074,0.09116521708576,0.0,0.7888963336525847,0.0608842735240291,0.1309300817796529,0.3428255841979689,0.0837215322086703,0.907763532276676,0.5871852643479052,0.5869371958295524,0.4749625349155127,129.219962918747,0.0,0.0,0.0,0.0,0.0,0.0,0.0,0.0,0.0,0.0,0.0,0.0,0.0,0.0,0.0,0.0,0.0,0.0,0.0,0.0,0.0,0.0,0.0,0.0,0.0,0.0,0.0,0.0,0.0,0.0,0.0,0.0,0.0,0.0,0.0,0.0,0.0,0.0,0.0,0.0,0.0,0.0,0.0,0.0,0.0,0.0,0.0,0.0,0.0,0.0,0.0,0.0,0.0,0.0,0.0,0.0,0.0,0.0,0.0,0.0,0.0,0.0,0.0,0.0,0.0,0.0,0.0,0.0,0.0,0.0,0.0,0.0,0.0,0.0,0.0,0.0,0.0,0.0,0.0,0.0,0.0,0.0,0.0,0.0,0.0,0.0,0.0,0.0,0.0,0.0,0.0,0.0,0.0,0.0,0.0,0.0,0.0,0.0,0.0,0.0,0.0,0.0,0.0,0.0,0.0,0.0,0.0,0.0
sonar,0.0554648925130188,0.0843112026352554,0.0143086101981476,0.0060678961689565,0.1265110073217799,0.0235205008080876,0.0034011564895357,0.1157555610648825,0.1215800468515497,0.0290373740880872,0.1400501738458632,0.4846012505507269,0.1959651604448968,0.4721810631329456,0.2791386060814937,0.1873100105273998,0.4226093916634538,0.1146152485569344,0.3582908961749301,0.5644592565610869,0.2502867789838166,0.5282197707895995,0.5895997732742685,0.7598406671344636,0.5092666025804659,0.536130045917083,0.5884677452799064,0.740615178216451,0.6504397317145397,0.3021102769683155,0.6542598649496502,0.3723103726311046,0.3136250753232284,0.3412903335497148,0.0312252739287395,0.0083747604030929,0.5788032941914196,0.0399116477643968,0.2163758428982023,0.3707038812378881,0.050317071482688,0.3093309801712757,0.3126721685883952,0.3588483430520864,0.0375450670840923,0.3691582890862858,0.2694135665145961,0.077644588167872,0.0,0.0339748468550263,0.0114021305077347,0.0449656713636833,0.0231231116203831,0.0149464527959822,0.0019019402874198,0.0341885435768808,0.0112190593346242,0.0043007479255101,0.0001108753144803,0.040516909749397,0.0715933566787662,0.0503883726320291,0.3059,0.0093722083465277,0.0375596380701944,0.1001464251956079,0.0355087993915957,0.1883785477750687,0.4252913848816724,0.3761156396824215,0.2676666487132434,0.1447608853144072,0.1980256982136376,0.0273,0.0605621774594682,0.2756346953233412,0.1042718034592217,0.0617484779266769,0.9636789193702736,0.0682703063070994,0.1987627814451926,0.0219,0.9563826410371836,0.288096126372485,1.0,0.1409177129362632,0.1298414928813496,0.2002994636146916,0.9120772717246252,0.1843565670155083,0.3098529371136649,0.1564736553340859,0.0588613483506791,0.0850879069968216,0.3325176884976056,0.0302267065752652,0.1243751957679489,0.2246260241735551,0.1375204677294935,0.0117,0.3764817978001902,0.0080738476698111,0.2005049663246374,0.0,0.0,0.3181300049246284,0.0576028930955874,0.318305921088683,0.0492256479069133,0.0095339478077576,0.0114456220034749,0.0220907193493682,0.0100711270157157,0.001,0.028912009162458,0.0255783982189847,0.0228475772959565,0.0029686913221503,0.0364,0.0006,355.72563738887106
moons,-0.2041292425817955,0.742482695587083,1.1346547794672583,-0.1874799710041217,903.6449299949956,0.0,0.0,0.0,0.0,0.0,0.0,0.0,0.0,0.0,0.0,0.0,0.0,0.0,0.0,0.0,0.0,0.0,0.0,0.0,0.0,0.0,0.0,0.0,0.0,0.0,0.0,0.0,0.0,0.0,0.0,0.0,0.0,0.0,0.0,0.0,0.0,0.0,0.0,0.0,0.0,0.0,0.0,0.0,0.0,0.0,0.0,0.0,0.0,0.0,0.0,0.0,0.0,0.0,0.0,0.0,0.0,0.0,0.0,0.0,0.0,0.0,0.0,0.0,0.0,0.0,0.0,0.0,0.0,0.0,0.0,0.0,0.0,0.0,0.0,0.0,0.0,0.0,0.0,0.0,0.0,0.0,0.0,0.0,0.0,0.0,0.0,0.0,0.0,0.0,0.0,0.0,0.0,0.0,0.0,0.0,0.0,0.0,0.0,0.0,0.0,0.0,0.0,0.0,0.0,0.0,0.0,0.0,0.0,0.0,0.0,0.0,0.0,0.0,0.0,0.0,0.0
pathbased,25.112895560627088,17.24397875341862,12.70546420960692,16.727217860280927,31.38833775178553,7.777159046959681,1593.1949842127333,0.0,0.0,0.0,0.0,0.0,0.0,0.0,0.0,0.0,0.0,0.0,0.0,0.0,0.0,0.0,0.0,0.0,0.0,0.0,0.0,0.0,0.0,0.0,0.0,0.0,0.0,0.0,0.0,0.0,0.0,0.0,0.0,0.0,0.0,0.0,0.0,0.0,0.0,0.0,0.0,0.0,0.0,0.0,0.0,0.0,0.0,0.0,0.0,0.0,0.0,0.0,0.0,0.0,0.0,0.0,0.0,0.0,0.0,0.0,0.0,0.0,0.0,0.0,0.0,0.0,0.0,0.0,0.0,0.0,0.0,0.0,0.0,0.0,0.0,0.0,0.0,0.0,0.0,0.0,0.0,0.0,0.0,0.0,0.0,0.0,0.0,0.0,0.0,0.0,0.0,0.0,0.0,0.0,0.0,0.0,0.0,0.0,0.0,0.0,0.0,0.0,0.0,0.0,0.0,0.0,0.0,0.0,0.0,0.0,0.0,0.0,0.0,0.0,0.0
wine,13.668170333411,5.338561857662126,3.050284416055612,14.407212358807335,106.56963391250412,0.98,4.828428661494594,0.3559960021703055,3.266706703750669,13.0,0.48,1.3637999290066865,692.9078908970055,14.154904540336643,0.8803408497889709,2.0699168238947045,29.629679529581843,117.24553515529972,2.811982454308392,1.7722572668984298,0.6293000424325401,2.2707598120900445,8.377513389342043,1.7095517902256052,3.983991314089715,1111.6821874482598,14.83,5.427230722989639,2.9656383972022247,28.5208494827294,104.27990355242414,1.8131840380779047,1.2042533551971952,0.66,0.7027652220456684,9.980419476955731,1.71,2.938796141390117,436.6452277693385,16894.5536844581,0.0,0.0,0.0,0.0,0.0,0.0,0.0,0.0,0.0,0.0,0.0,0.0,0.0,0.0,0.0,0.0,0.0,0.0,0.0,0.0,0.0,0.0,0.0,0.0,0.0,0.0,0.0,0.0,0.0,0.0,0.0,0.0,0.0,0.0,0.0,0.0,0.0,0.0,0.0,0.0,0.0,0.0,0.0,0.0,0.0,0.0,0.0,0.0,0.0,0.0,0.0,0.0,0.0,0.0,0.0,0.0,0.0,0.0,0.0,0.0,0.0,0.0,0.0,0.0,0.0,0.0,0.0,0.0,0.0,0.0,0.0,0.0,0.0,0.0,0.0,0.0,0.0,0.0,0.0,0.0,0.0
glass,1.531630927482736,11.434693459303132,4.0368317861515575,1.4578337671436157,72.99481014232634,1.630405588453507,8.777633702020841,0.7234700155786977,0.3823794077676893,1.53393,10.826002141714856,0.0671333760031241,2.9275593624977367,72.14445092958846,2.968866761459846,5.478582630895774,1.8306776187328293,0.120687162523441,1.53393,14.262349045034489,3.6598932822948687,1.8842558875293725,70.60888091080778,2.031640998247474,15.377788423370928,2.1027110098762725,0.4088326038710734,1.5252127665661794,17.2346087749892,1.0617823890706926,3.115475629183519,72.68774565289098,0.2932357896302311,8.140704239329407,2.556927999772481,0.1258007637482469,1.520658227197912,11.384918540942175,2.2687493437074884,1.761739235958104,73.55471261525173,0.8755428798476644,6.839229704501921,1.772906938728397,0.2781595383007338,1.53393,13.338431720072402,4.49,2.175461254263193,70.98886253192482,6.089205173323724,12.22443008216317,1.045736318149047,0.0,650.1217978463271,0.0,0.0,0.0,0.0,0.0,0.0,0.0,0.0,0.0,0.0,0.0,0.0,0.0,0.0,0.0,0.0,0.0,0.0,0.0,0.0,0.0,0.0,0.0,0.0,0.0,0.0,0.0,0.0,0.0,0.0,0.0,0.0,0.0,0.0,0.0,0.0,0.0,0.0,0.0,0.0,0.0,0.0,0.0,0.0,0.0,0.0,0.0,0.0,0.0,0.0,0.0,0.0,0.0,0.0,0.0,0.0,0.0,0.0,0.0,0.0,0.0,0.0,0.0,0.0,0.0,0.0
ecoli,0.4967726690723182,0.7927215280129384,0.7720637451891409,0.8458176642040871,0.6809205360068908,0.7280005072391973,0.0,0.0,0.1996399256901914,0.4806514251769517,0.8005808338806379,0.3079869403876324,0.0980444801623634,0.0,0.6947336652472409,0.4532304021951456,0.8251715973377505,0.6802745895321474,0.3535161486637815,0.5038414222942718,0.1108601036275852,0.3722243321543965,0.4630240323407563,0.48,0.5,0.3320797948229383,0.4133958538726454,0.6194720678758961,0.0096102215036276,0.6556845911095196,0.7641749490077889,0.6600145399153309,0.6459598433238051,0.2359566297720494,0.5565678197992243,0.4385416919442434,0.3326999242669529,0.5329212516570987,0.6678205484640866,0.4569323125395706,0.7541171000990314,0.1611563374839905,0.6109502022034591,0.8075438506819494,0.551631968110412,0.5,0.2711740748624275,0.6220521600956903,0.3447018894278645,139.42038076109822,0.0,0.0,0.0,0.0,0.0,0.0,0.0,0.0,0.0,0.0,0.0,0.0,0.0,0.0,0.0,0.0,0.0,0.0,0.0,0.0,0.0,0.0,0.0,0.0,0.0,0.0,0.0,0.0,0.0,0.0,0.0,0.0,0.0,0.0,0.0,0.0,0.0,0.0,0.0,0.0,0.0,0.0,0.0,0.0,0.0,0.0,0.0,0.0,0.0,0.0,0.0,0.0,0.0,0.0,0.0,0.0,0.0,0.0,0.0,0.0,0.0,0.0,0.0,0.0,0.0,0.0,0.0,0.0,0.0,0.0,0.0
